timestamp,temperature.gpu,clocks.sm,clocks.mem,power.draw,memory.used,utilization.gpu,clocks_throttle_reasons.sw_thermal_slowdown,clocks_throttle_reasons.hw_thermal_slowdown,clocks_throttle_reasons.sw_power_cap
2026/09/22 08:30:32.138, 78, 1035, 6000, 33.55, 702, 5, Not Active, Not Active, Not Active
2026/09/22 08:30:34.225, 77, 1035, 6000, 33.88, 702, 0, Not Active, Not Active, Not Active
2026/09/22 08:30:36.344, 77, 1035, 6000, 33.05, 853, 0, Not Active, Not Active, Not Active
2026/09/22 08:30:38.600, 78, 1635, 6000, 48.09, 6249, 24, Not Active, Not Active, Not Active
2026/09/22 08:30:40.944, 77, 615, 5500, 32.85, 7697, 1, Not Active, Not Active, Not Active
2026/09/22 08:30:43.017, 76, 255, 405, 21.38, 7697, 12, Not Active, Not Active, Not Active
2026/09/22 08:30:45.093, 78, 1350, 6000, 47.34, 7911, 71, Not Active, Not Active, Not Active
2026/09/22 08:30:47.171, 79, 1350, 6000, 84.89, 7923, 95, Not Active, Not Active, Active
2026/09/22 08:30:49.245, 79, 1185, 6000, 73.54, 7923, 96, Active, Not Active, Not Active
2026/09/22 08:30:51.298, 80, 1290, 6000, 79.86, 7923, 95, Active, Not Active, Not Active
2026/09/22 08:30:53.360, 79, 1035, 6000, 64.55, 7923, 96, Active, Not Active, Not Active
2026/09/22 08:30:55.410, 80, 855, 6000, 62.67, 7923, 75, Active, Not Active, Not Active
2026/09/22 08:30:57.468, 79, 1080, 6000, 67.03, 7923, 98, Active, Not Active, Not Active
2026/09/22 08:30:59.553, 79, 1050, 6000, 65.30, 7923, 100, Active, Not Active, Not Active
2026/09/22 08:31:01.607, 79, 1035, 6000, 65.20, 7923, 100, Active, Not Active, Not Active
2026/09/22 08:31:03.677, 79, 900, 6000, 58.04, 7923, 98, Active, Not Active, Not Active
2026/09/22 08:31:05.735, 79, 960, 6000, 57.97, 7923, 98, Active, Not Active, Not Active
2026/09/22 08:31:07.785, 79, 885, 6000, 57.94, 7923, 100, Active, Not Active, Not Active
2026/09/22 08:31:09.846, 79, 765, 6000, 57.12, 7923, 81, Active, Not Active, Not Active
2026/09/22 08:31:11.911, 79, 885, 6000, 58.44, 7923, 100, Active, Not Active, Not Active
2026/09/22 08:31:13.980, 79, 885, 6000, 58.44, 7923, 100, Active, Not Active, Not Active
2026/09/22 08:31:16.031, 79, 945, 6000, 59.66, 7923, 98, Active, Not Active, Not Active
2026/09/22 08:31:18.085, 79, 900, 6000, 56.35, 7923, 100, Active, Not Active, Not Active
2026/09/22 08:31:20.146, 79, 1020, 6000, 53.40, 7923, 96, Active, Not Active, Not Active
2026/09/22 08:31:22.206, 79, 885, 6000, 57.67, 7923, 100, Active, Not Active, Not Active
2026/09/22 08:31:24.280, 79, 885, 6000, 57.47, 7923, 96, Active, Not Active, Not Active
2026/09/22 08:31:26.342, 79, 945, 6000, 61.38, 7923, 100, Active, Not Active, Not Active
2026/09/22 08:31:28.411, 79, 870, 6000, 58.24, 7923, 100, Active, Not Active, Not Active
2026/09/22 08:31:30.461, 79, 855, 6000, 58.38, 7925, 100, Active, Not Active, Not Active
2026/09/22 08:31:32.515, 79, 915, 6000, 60.19, 7925, 82, Active, Not Active, Not Active
2026/09/22 08:31:34.592, 79, 885, 6000, 57.85, 7925, 100, Active, Not Active, Not Active
2026/09/22 08:31:36.649, 79, 885, 6000, 58.46, 7925, 97, Active, Not Active, Not Active
2026/09/22 08:31:38.740, 79, 1080, 6000, 58.19, 7925, 97, Active, Not Active, Not Active
2026/09/22 08:31:40.881, 79, 885, 6000, 60.38, 7893, 100, Active, Not Active, Not Active
2026/09/22 08:31:42.947, 79, 840, 6000, 56.79, 7893, 89, Active, Not Active, Not Active
2026/09/22 08:31:45.022, 79, 570, 6000, 52.17, 7893, 100, Active, Not Active, Not Active
2026/09/22 08:31:47.095, 79, 1095, 6000, 54.54, 7893, 97, Active, Not Active, Not Active
2026/09/22 08:31:49.156, 79, 540, 6000, 50.76, 7893, 94, Active, Not Active, Not Active
2026/09/22 08:31:51.225, 79, 570, 6000, 50.26, 7893, 100, Active, Not Active, Not Active
2026/09/22 08:31:53.306, 79, 510, 6000, 48.57, 7893, 100, Active, Not Active, Not Active
2026/09/22 08:31:55.374, 79, 510, 6000, 48.84, 7893, 100, Active, Not Active, Not Active
2026/09/22 08:31:57.441, 79, 510, 6000, 49.11, 7893, 100, Active, Not Active, Not Active
2026/09/22 08:31:59.510, 79, 510, 6000, 50.30, 7893, 100, Active, Not Active, Not Active
2026/09/22 08:32:01.567, 79, 510, 6000, 48.67, 7893, 98, Active, Not Active, Not Active
2026/09/22 08:32:03.638, 80, 510, 6000, 49.58, 7893, 92, Active, Not Active, Not Active
2026/09/22 08:32:05.707, 80, 510, 6000, 47.41, 7893, 97, Active, Not Active, Not Active
2026/09/22 08:32:07.791, 80, 510, 6000, 46.65, 7893, 100, Active, Not Active, Not Active
2026/09/22 08:32:09.868, 80, 510, 6000, 48.97, 7893, 100, Active, Not Active, Not Active
2026/09/22 08:32:11.941, 80, 510, 6000, 49.12, 7893, 100, Active, Not Active, Not Active
2026/09/22 08:32:14.007, 80, 510, 6000, 48.98, 7893, 100, Active, Not Active, Not Active
2026/09/22 08:32:16.074, 80, 510, 6000, 48.08, 7893, 100, Active, Not Active, Not Active
2026/09/22 08:32:18.144, 80, 510, 6000, 49.88, 7893, 97, Active, Not Active, Not Active
2026/09/22 08:32:20.205, 80, 510, 6000, 49.79, 7893, 100, Active, Not Active, Not Active
2026/09/22 08:32:22.269, 80, 510, 6000, 49.87, 7893, 100, Active, Not Active, Not Active
2026/09/22 08:32:24.348, 80, 510, 6000, 49.96, 7893, 100, Active, Not Active, Not Active
2026/09/22 08:32:26.431, 80, 510, 6000, 49.90, 7893, 100, Active, Not Active, Not Active
2026/09/22 08:32:28.504, 80, 510, 6000, 48.72, 7893, 100, Active, Not Active, Not Active
2026/09/22 08:32:30.558, 80, 510, 6000, 49.92, 7893, 100, Active, Not Active, Not Active
2026/09/22 08:32:32.629, 80, 510, 6000, 48.69, 7893, 100, Active, Not Active, Not Active
2026/09/22 08:32:34.703, 80, 510, 6000, 48.68, 7893, 98, Active, Not Active, Not Active
2026/09/22 08:32:36.767, 80, 540, 6000, 50.81, 7893, 100, Active, Not Active, Not Active
2026/09/22 08:32:38.829, 80, 615, 6000, 48.88, 7893, 100, Active, Not Active, Not Active
2026/09/22 08:32:40.887, 80, 510, 6000, 49.31, 7893, 100, Active, Not Active, Not Active
2026/09/22 08:32:42.997, 80, 510, 6000, 40.28, 7893, 72, Active, Not Active, Not Active
2026/09/22 08:32:45.053, 80, 510, 6000, 43.49, 7893, 79, Active, Not Active, Not Active
2026/09/22 08:32:47.104, 80, 510, 6000, 46.73, 7893, 99, Active, Not Active, Not Active
2026/09/22 08:32:49.187, 80, 510, 6000, 50.36, 7893, 100, Active, Not Active, Not Active
2026/09/22 08:32:51.258, 79, 510, 6000, 48.60, 7893, 100, Active, Not Active, Not Active
2026/09/22 08:32:53.323, 79, 510, 6000, 49.03, 7893, 100, Active, Not Active, Not Active
2026/09/22 08:32:55.379, 79, 510, 6000, 48.90, 7893, 100, Active, Not Active, Not Active
2026/09/22 08:32:57.478, 79, 510, 6000, 50.09, 7893, 100, Active, Not Active, Not Active
2026/09/22 08:32:59.543, 79, 510, 6000, 49.65, 7893, 100, Active, Not Active, Not Active
2026/09/22 08:33:01.602, 79, 510, 6000, 43.39, 7893, 80, Active, Not Active, Not Active
2026/09/22 08:33:03.660, 79, 510, 6000, 43.08, 7893, 76, Active, Not Active, Not Active
2026/09/22 08:33:05.715, 79, 555, 6000, 52.20, 7893, 98, Active, Not Active, Not Active
2026/09/22 08:33:07.771, 79, 555, 6000, 49.57, 7893, 100, Active, Not Active, Not Active
2026/09/22 08:33:09.828, 79, 555, 6000, 49.99, 7893, 100, Active, Not Active, Not Active
2026/09/22 08:33:11.888, 79, 900, 6000, 55.80, 7893, 100, Active, Not Active, Not Active
2026/09/22 08:33:13.943, 79, 840, 6000, 56.25, 7893, 100, Active, Not Active, Not Active
2026/09/22 08:33:16.008, 79, 885, 6000, 51.81, 7893, 98, Active, Not Active, Not Active
2026/09/22 08:33:18.063, 79, 765, 6000, 56.78, 7893, 100, Active, Not Active, Not Active
2026/09/22 08:33:20.115, 79, 780, 6000, 55.88, 7893, 87, Active, Not Active, Not Active
2026/09/22 08:33:22.165, 79, 945, 6000, 52.07, 7893, 87, Active, Not Active, Not Active
2026/09/22 08:33:24.221, 79, 915, 6000, 59.00, 7893, 100, Active, Not Active, Not Active
2026/09/22 08:33:26.279, 79, 780, 6000, 56.74, 7893, 100, Active, Not Active, Not Active
2026/09/22 08:33:28.331, 79, 945, 6000, 54.50, 7893, 65, Active, Not Active, Not Active
2026/09/22 08:33:30.383, 79, 840, 6000, 56.38, 7893, 100, Active, Not Active, Not Active
2026/09/22 08:33:32.440, 79, 750, 6000, 53.94, 7893, 95, Active, Not Active, Not Active
2026/09/22 08:33:34.503, 78, 1305, 6000, 57.99, 7893, 98, Active, Not Active, Not Active
2026/09/22 08:33:36.571, 79, 840, 6000, 56.08, 7893, 100, Active, Not Active, Not Active
2026/09/22 08:33:38.627, 79, 945, 6000, 59.51, 7893, 85, Active, Not Active, Not Active
2026/09/22 08:33:40.686, 79, 1005, 6000, 65.34, 7893, 98, Active, Not Active, Not Active
2026/09/22 08:33:42.747, 79, 930, 6000, 61.88, 7893, 100, Active, Not Active, Not Active
2026/09/22 08:33:44.804, 79, 990, 6000, 62.98, 7893, 100, Active, Not Active, Not Active
2026/09/22 08:33:46.860, 79, 915, 6000, 61.65, 7893, 100, Active, Not Active, Not Active
2026/09/22 08:33:48.922, 79, 945, 6000, 61.77, 7893, 100, Active, Not Active, Not Active
2026/09/22 08:33:50.983, 79, 960, 6000, 61.22, 7893, 96, Active, Not Active, Not Active
2026/09/22 08:33:53.034, 79, 1065, 6000, 64.56, 7893, 97, Active, Not Active, Not Active
2026/09/22 08:33:55.095, 79, 945, 6000, 61.05, 7893, 100, Active, Not Active, Not Active
2026/09/22 08:33:57.165, 80, 855, 6000, 57.93, 7893, 100, Active, Not Active, Not Active
2026/09/22 08:33:59.219, 79, 765, 6000, 49.47, 7893, 100, Active, Not Active, Not Active
2026/09/22 08:34:01.277, 79, 510, 6000, 51.75, 7893, 87, Active, Not Active, Not Active
2026/09/22 08:34:03.336, 79, 660, 6000, 52.07, 7893, 100, Active, Not Active, Not Active
2026/09/22 08:34:05.391, 79, 765, 6000, 52.38, 7893, 100, Active, Not Active, Not Active
2026/09/22 08:34:07.629, 79, 585, 6000, 52.45, 7893, 100, Active, Not Active, Not Active
2026/09/22 08:34:09.686, 79, 675, 6000, 52.42, 7893, 100, Active, Not Active, Not Active
2026/09/22 08:34:11.749, 79, 885, 6000, 54.89, 7893, 96, Active, Not Active, Not Active
2026/09/22 08:34:13.803, 79, 1200, 6000, 52.10, 7893, 98, Active, Not Active, Not Active
2026/09/22 08:34:15.858, 79, 945, 6000, 58.20, 7893, 100, Active, Not Active, Not Active
2026/09/22 08:34:17.911, 79, 885, 6000, 58.31, 7893, 100, Active, Not Active, Not Active
2026/09/22 08:34:19.968, 78, 1410, 6000, 61.06, 7893, 100, Active, Not Active, Not Active
2026/09/22 08:34:22.026, 79, 885, 6000, 57.32, 7893, 100, Active, Not Active, Not Active
2026/09/22 08:34:24.099, 79, 780, 6000, 55.78, 7893, 96, Active, Not Active, Not Active
2026/09/22 08:34:26.155, 79, 885, 6000, 58.06, 7893, 100, Active, Not Active, Not Active
2026/09/22 08:34:28.232, 79, 885, 6000, 58.43, 7893, 96, Active, Not Active, Not Active
2026/09/22 08:34:30.295, 79, 945, 6000, 59.76, 7893, 100, Active, Not Active, Not Active
2026/09/22 08:34:32.348, 79, 885, 6000, 57.83, 7893, 100, Active, Not Active, Not Active
2026/09/22 08:34:34.405, 79, 690, 6000, 67.69, 7893, 91, Active, Not Active, Not Active
2026/09/22 08:34:36.462, 79, 945, 6000, 55.29, 7893, 100, Active, Not Active, Not Active
2026/09/22 08:34:38.516, 79, 855, 6000, 58.32, 7893, 100, Active, Not Active, Not Active
2026/09/22 08:34:40.575, 79, 885, 6000, 57.58, 7893, 94, Active, Not Active, Not Active
2026/09/22 08:34:42.635, 79, 930, 6000, 62.81, 7893, 100, Active, Not Active, Not Active
2026/09/22 08:34:44.702, 79, 885, 6000, 58.53, 7893, 100, Active, Not Active, Not Active
2026/09/22 08:34:46.756, 79, 975, 6000, 58.74, 7893, 79, Active, Not Active, Not Active
2026/09/22 08:34:48.816, 79, 885, 6000, 57.54, 7893, 100, Active, Not Active, Not Active
2026/09/22 08:34:50.872, 79, 885, 6000, 51.99, 7893, 84, Active, Not Active, Not Active
2026/09/22 08:34:52.922, 79, 945, 6000, 57.27, 7893, 98, Active, Not Active, Not Active
2026/09/22 08:34:54.978, 79, 885, 6000, 58.13, 7893, 100, Active, Not Active, Not Active
2026/09/22 08:34:57.037, 79, 1005, 6000, 50.24, 7893, 98, Active, Not Active, Not Active
2026/09/22 08:34:59.091, 79, 885, 6000, 58.58, 7893, 100, Active, Not Active, Not Active
2026/09/22 08:35:01.157, 79, 855, 6000, 57.75, 7893, 91, Active, Not Active, Not Active
2026/09/22 08:35:03.226, 79, 900, 6000, 58.20, 7893, 100, Active, Not Active, Not Active
2026/09/22 08:35:05.281, 79, 885, 6000, 58.01, 7893, 96, Active, Not Active, Not Active
2026/09/22 08:35:07.343, 79, 660, 6000, 57.44, 7893, 86, Active, Not Active, Not Active
2026/09/22 08:35:09.412, 79, 1515, 6000, 56.15, 7893, 97, Active, Not Active, Not Active
2026/09/22 08:35:11.474, 79, 885, 6000, 58.50, 7893, 100, Active, Not Active, Not Active
2026/09/22 08:35:13.541, 80, 690, 6000, 58.53, 7893, 72, Active, Not Active, Not Active
2026/09/22 08:35:15.604, 79, 720, 6000, 53.89, 7893, 100, Active, Not Active, Not Active
2026/09/22 08:35:17.674, 79, 825, 6000, 50.09, 7893, 100, Active, Not Active, Not Active
2026/09/22 08:35:19.737, 79, 690, 6000, 51.27, 7893, 94, Active, Not Active, Not Active
2026/09/22 08:35:21.803, 79, 705, 6000, 53.72, 7893, 100, Active, Not Active, Not Active
2026/09/22 08:35:23.891, 79, 870, 6000, 50.83, 7893, 77, Active, Not Active, Not Active
2026/09/22 08:35:25.947, 79, 645, 6000, 53.90, 7893, 100, Active, Not Active, Not Active
2026/09/22 08:35:28.016, 79, 570, 6000, 52.73, 7893, 93, Active, Not Active, Not Active
2026/09/22 08:35:30.077, 79, 510, 6000, 50.01, 7893, 100, Active, Not Active, Not Active
2026/09/22 08:35:32.141, 79, 615, 6000, 52.34, 7893, 97, Active, Not Active, Not Active
2026/09/22 08:35:34.254, 79, 510, 6000, 50.47, 7893, 95, Active, Not Active, Not Active
2026/09/22 08:35:36.324, 79, 555, 6000, 50.12, 7893, 100, Active, Not Active, Not Active
2026/09/22 08:35:38.409, 79, 600, 6000, 53.07, 7893, 100, Active, Not Active, Not Active
2026/09/22 08:35:40.507, 79, 645, 6000, 53.96, 7893, 98, Active, Not Active, Not Active
2026/09/22 08:35:42.575, 79, 1110, 6000, 47.89, 7893, 100, Active, Not Active, Not Active
2026/09/22 08:35:44.637, 79, 510, 6000, 49.81, 7893, 77, Active, Not Active, Not Active
2026/09/22 08:35:46.707, 79, 570, 6000, 49.80, 7893, 100, Active, Not Active, Not Active
2026/09/22 08:35:48.776, 79, 570, 6000, 50.26, 7893, 100, Active, Not Active, Not Active
2026/09/22 08:35:50.841, 79, 555, 6000, 50.57, 7893, 100, Active, Not Active, Not Active
2026/09/22 08:35:52.925, 79, 645, 6000, 52.89, 7893, 98, Active, Not Active, Not Active
2026/09/22 08:35:55.020, 79, 510, 6000, 50.12, 7893, 96, Active, Not Active, Not Active
2026/09/22 08:35:57.087, 79, 1515, 6000, 43.67, 608, 0, Active, Not Active, Not Active
2026/09/22 08:35:59.162, 78, 1035, 6000, 35.07, 759, 5, Not Active, Not Active, Not Active
2026/09/22 08:36:01.253, 78, 1035, 6000, 33.92, 2231, 23, Not Active, Not Active, Not Active
2026/09/22 08:36:03.341, 78, 1035, 6000, 47.65, 6155, 6, Not Active, Not Active, Not Active
2026/09/22 08:36:05.518, 78, 1035, 6000, 33.74, 6155, 4, Not Active, Not Active, Not Active
2026/09/22 08:36:07.753, 77, 300, 810, 22.09, 6156, 21, Not Active, Not Active, Not Active
2026/09/22 08:36:10.044, 78, 1170, 6000, 35.99, 7214, 1, Not Active, Not Active, Not Active
2026/09/22 08:36:12.162, 77, 210, 405, 23.31, 7214, 7, Not Active, Not Active, Not Active
2026/09/22 08:36:14.249, 77, 1035, 6000, 24.23, 7484, 100, Not Active, Not Active, Not Active
2026/09/22 08:36:16.353, 79, 1050, 6000, 77.11, 7524, 85, Active, Not Active, Not Active
2026/09/22 08:36:18.418, 79, 1155, 6000, 65.89, 7524, 98, Active, Not Active, Not Active
2026/09/22 08:36:20.491, 79, 1155, 6000, 59.65, 7524, 83, Active, Not Active, Not Active
2026/09/22 08:36:22.549, 79, 765, 6000, 57.29, 7524, 80, Active, Not Active, Not Active
2026/09/22 08:36:24.628, 79, 750, 6000, 54.89, 7524, 98, Active, Not Active, Not Active
2026/09/22 08:36:26.695, 79, 540, 6000, 55.06, 7524, 96, Active, Not Active, Not Active
2026/09/22 08:36:28.778, 79, 645, 6000, 51.90, 7524, 100, Active, Not Active, Not Active
2026/09/22 08:36:30.845, 79, 645, 6000, 52.54, 7524, 97, Active, Not Active, Not Active
2026/09/22 08:36:32.905, 80, 510, 6000, 54.45, 7524, 98, Active, Not Active, Not Active
2026/09/22 08:36:34.962, 79, 510, 6000, 50.51, 7524, 99, Active, Not Active, Not Active
2026/09/22 08:36:37.016, 79, 510, 6000, 49.07, 7524, 97, Active, Not Active, Not Active
2026/09/22 08:36:39.072, 80, 510, 6000, 53.35, 7524, 98, Active, Not Active, Not Active
2026/09/22 08:36:41.141, 79, 510, 6000, 49.13, 7524, 100, Active, Not Active, Not Active
2026/09/22 08:36:43.198, 79, 510, 6000, 53.32, 7524, 99, Active, Not Active, Not Active
2026/09/22 08:36:45.266, 79, 510, 6000, 45.78, 7524, 92, Active, Not Active, Not Active
2026/09/22 08:36:47.342, 79, 510, 6000, 48.53, 7524, 100, Active, Not Active, Not Active
2026/09/22 08:36:49.403, 80, 510, 6000, 53.31, 7524, 98, Active, Not Active, Not Active
2026/09/22 08:36:51.470, 79, 510, 6000, 48.92, 7524, 100, Active, Not Active, Not Active
2026/09/22 08:36:53.541, 80, 510, 6000, 53.51, 7524, 99, Active, Not Active, Not Active
2026/09/22 08:36:55.599, 80, 510, 6000, 50.54, 7524, 98, Active, Not Active, Not Active
2026/09/22 08:36:57.678, 80, 510, 6000, 50.08, 7524, 98, Active, Not Active, Not Active
2026/09/22 08:36:59.741, 80, 510, 6000, 47.47, 7524, 93, Active, Not Active, Not Active
2026/09/22 08:37:01.833, 80, 510, 6000, 49.45, 7524, 100, Active, Not Active, Not Active
2026/09/22 08:37:03.895, 80, 510, 6000, 53.41, 7524, 99, Active, Not Active, Not Active
2026/09/22 08:37:05.953, 80, 510, 6000, 50.47, 7524, 99, Active, Not Active, Not Active
2026/09/22 08:37:08.023, 80, 510, 6000, 48.22, 7524, 60, Active, Not Active, Not Active
2026/09/22 08:37:10.099, 80, 510, 6000, 46.35, 7524, 95, Active, Not Active, Not Active
2026/09/22 08:37:12.166, 80, 510, 6000, 49.11, 7524, 100, Active, Not Active, Not Active
2026/09/22 08:37:14.220, 80, 510, 6000, 53.34, 7524, 99, Active, Not Active, Not Active
2026/09/22 08:37:16.291, 80, 510, 6000, 50.42, 7524, 99, Active, Not Active, Not Active
2026/09/22 08:37:18.357, 80, 510, 6000, 50.97, 7524, 83, Active, Not Active, Not Active
2026/09/22 08:37:20.416, 80, 510, 6000, 48.78, 7524, 100, Active, Not Active, Not Active
2026/09/22 08:37:22.483, 80, 510, 6000, 49.36, 7524, 100, Active, Not Active, Not Active
2026/09/22 08:37:24.546, 80, 510, 6000, 53.68, 7524, 99, Active, Not Active, Not Active
2026/09/22 08:37:26.616, 80, 510, 6000, 49.52, 7524, 100, Active, Not Active, Not Active
2026/09/22 08:37:28.675, 80, 510, 6000, 50.47, 7524, 75, Active, Not Active, Not Active
2026/09/22 08:37:30.746, 80, 510, 6000, 43.83, 7524, 93, Active, Not Active, Not Active
2026/09/22 08:37:32.812, 80, 510, 6000, 49.99, 7524, 97, Active, Not Active, Not Active
2026/09/22 08:37:34.866, 80, 510, 6000, 53.72, 7524, 99, Active, Not Active, Not Active
2026/09/22 08:37:36.924, 80, 510, 6000, 49.44, 7524, 100, Active, Not Active, Not Active
2026/09/22 08:37:38.987, 80, 510, 6000, 50.47, 7524, 83, Active, Not Active, Not Active
2026/09/22 08:37:41.046, 80, 510, 6000, 43.93, 7524, 100, Active, Not Active, Not Active
2026/09/22 08:37:43.108, 80, 510, 6000, 49.23, 7524, 100, Active, Not Active, Not Active
2026/09/22 08:37:45.163, 80, 540, 6000, 46.67, 7524, 94, Active, Not Active, Not Active
2026/09/22 08:37:47.217, 80, 510, 6000, 44.22, 7524, 96, Active, Not Active, Not Active
2026/09/22 08:37:49.283, 80, 510, 6000, 49.80, 7524, 100, Active, Not Active, Not Active
2026/09/22 08:37:51.342, 80, 510, 6000, 53.89, 7524, 99, Active, Not Active, Not Active
2026/09/22 08:37:53.411, 80, 510, 6000, 49.36, 7524, 100, Active, Not Active, Not Active
2026/09/22 08:37:55.474, 81, 510, 6000, 53.65, 7524, 98, Active, Not Active, Not Active
2026/09/22 08:37:57.541, 80, 510, 6000, 49.78, 7524, 100, Active, Not Active, Not Active
2026/09/22 08:37:59.616, 80, 510, 6000, 49.56, 7524, 97, Active, Not Active, Not Active
2026/09/22 08:38:01.676, 81, 510, 6000, 53.84, 7524, 99, Active, Not Active, Not Active
2026/09/22 08:38:03.736, 80, 510, 6000, 49.34, 7524, 100, Active, Not Active, Not Active
2026/09/22 08:38:05.799, 80, 510, 6000, 44.70, 7524, 98, Active, Not Active, Not Active
2026/09/22 08:38:07.859, 81, 510, 6000, 46.19, 7524, 94, Active, Not Active, Not Active
2026/09/22 08:38:09.908, 80, 510, 6000, 50.34, 7524, 100, Active, Not Active, Not Active
2026/09/22 08:38:11.979, 80, 510, 6000, 37.79, 7524, 98, Active, Not Active, Not Active
2026/09/22 08:38:14.028, 80, 510, 6000, 50.71, 7524, 93, Active, Not Active, Not Active
2026/09/22 08:38:16.107, 80, 510, 6000, 49.39, 7524, 100, Active, Not Active, Not Active
2026/09/22 08:38:18.183, 81, 510, 6000, 53.87, 7524, 98, Active, Not Active, Not Active
2026/09/22 08:38:20.253, 80, 510, 6000, 50.28, 7524, 100, Active, Not Active, Not Active
2026/09/22 08:38:22.316, 80, 510, 6000, 49.27, 7524, 100, Active, Not Active, Not Active
2026/09/22 08:38:24.387, 81, 510, 6000, 53.06, 7524, 97, Active, Not Active, Not Active
2026/09/22 08:38:26.504, 80, 510, 6000, 49.60, 7524, 100, Active, Not Active, Not Active
2026/09/22 08:38:28.570, 81, 510, 6000, 53.75, 7524, 99, Active, Not Active, Not Active
2026/09/22 08:38:30.641, 80, 510, 6000, 50.15, 7524, 99, Active, Not Active, Not Active
2026/09/22 08:38:32.712, 80, 510, 6000, 48.94, 7524, 72, Active, Not Active, Not Active
2026/09/22 08:38:34.771, 80, 510, 6000, 44.21, 7524, 93, Active, Not Active, Not Active
2026/09/22 08:38:36.830, 81, 510, 6000, 49.35, 7524, 100, Active, Not Active, Not Active
2026/09/22 08:38:38.905, 81, 510, 6000, 52.36, 7524, 99, Active, Not Active, Not Active
2026/09/22 08:38:40.983, 80, 510, 6000, 49.64, 7524, 100, Active, Not Active, Not Active
2026/09/22 08:38:43.058, 81, 510, 6000, 53.90, 7524, 98, Active, Not Active, Not Active
2026/09/22 08:38:45.119, 80, 510, 6000, 49.33, 7524, 100, Active, Not Active, Not Active
2026/09/22 08:38:47.170, 80, 510, 6000, 50.17, 7524, 97, Active, Not Active, Not Active
2026/09/22 08:38:49.241, 81, 510, 6000, 50.26, 7524, 97, Active, Not Active, Not Active
2026/09/22 08:38:51.303, 81, 510, 6000, 50.81, 7524, 100, Active, Not Active, Not Active
2026/09/22 08:38:53.383, 81, 510, 6000, 53.77, 7524, 98, Active, Not Active, Not Active
2026/09/22 08:38:55.445, 81, 510, 6000, 50.92, 7524, 100, Active, Not Active, Not Active
2026/09/22 08:38:57.516, 81, 510, 6000, 54.00, 7524, 99, Active, Not Active, Not Active
2026/09/22 08:38:59.580, 80, 510, 6000, 50.99, 7524, 100, Active, Not Active, Not Active
2026/09/22 08:39:01.654, 81, 510, 6000, 50.18, 7524, 97, Active, Not Active, Not Active
2026/09/22 08:39:03.716, 81, 510, 6000, 54.15, 7524, 98, Active, Not Active, Not Active
2026/09/22 08:39:05.770, 81, 510, 6000, 52.06, 7524, 100, Active, Not Active, Not Active
2026/09/22 08:39:07.837, 81, 510, 6000, 54.12, 7524, 98, Active, Not Active, Not Active
2026/09/22 08:39:09.906, 81, 510, 6000, 50.44, 7524, 99, Active, Not Active, Not Active
2026/09/22 08:39:11.971, 81, 510, 6000, 51.11, 7524, 100, Active, Not Active, Not Active
2026/09/22 08:39:14.038, 81, 510, 6000, 53.45, 7524, 94, Active, Not Active, Not Active
2026/09/22 08:39:16.108, 81, 510, 6000, 49.85, 7524, 100, Active, Not Active, Not Active
2026/09/22 08:39:18.178, 81, 510, 6000, 53.90, 7524, 99, Active, Not Active, Not Active
2026/09/22 08:39:20.262, 80, 510, 6000, 44.15, 7524, 97, Active, Not Active, Not Active
2026/09/22 08:39:22.341, 81, 510, 6000, 50.79, 7524, 100, Active, Not Active, Not Active
2026/09/22 08:39:24.393, 81, 510, 6000, 54.03, 7524, 98, Active, Not Active, Not Active
2026/09/22 08:39:26.479, 80, 510, 6000, 41.68, 7524, 88, Active, Not Active, Not Active
2026/09/22 08:39:28.537, 81, 510, 6000, 50.81, 7524, 100, Active, Not Active, Not Active
2026/09/22 08:39:30.603, 81, 510, 6000, 53.91, 7524, 98, Active, Not Active, Not Active
2026/09/22 08:39:32.659, 81, 510, 6000, 46.56, 7524, 92, Active, Not Active, Not Active
2026/09/22 08:39:34.728, 81, 510, 6000, 50.89, 7524, 100, Active, Not Active, Not Active
2026/09/22 08:39:36.795, 81, 510, 6000, 54.07, 7524, 99, Active, Not Active, Not Active
2026/09/22 08:39:38.861, 81, 510, 6000, 50.91, 7524, 99, Active, Not Active, Not Active
2026/09/22 08:39:40.922, 81, 510, 6000, 50.84, 7524, 100, Active, Not Active, Not Active
2026/09/22 08:39:42.970, 81, 510, 6000, 52.39, 7524, 98, Active, Not Active, Not Active
2026/09/22 08:39:45.038, 81, 510, 6000, 49.62, 7524, 100, Active, Not Active, Not Active
2026/09/22 08:39:47.120, 81, 510, 6000, 54.08, 7524, 98, Active, Not Active, Not Active
2026/09/22 08:39:49.178, 80, 510, 6000, 44.15, 7524, 92, Active, Not Active, Not Active
2026/09/22 08:39:51.235, 81, 510, 6000, 51.07, 7524, 100, Active, Not Active, Not Active
2026/09/22 08:39:53.295, 81, 510, 6000, 54.07, 7524, 99, Active, Not Active, Not Active
2026/09/22 08:39:55.355, 80, 510, 6000, 44.85, 7524, 100, Active, Not Active, Not Active
2026/09/22 08:39:57.416, 80, 510, 6000, 49.59, 7524, 100, Active, Not Active, Not Active
2026/09/22 08:39:59.478, 80, 510, 6000, 53.99, 7524, 99, Active, Not Active, Not Active
2026/09/22 08:40:01.532, 80, 510, 6000, 50.69, 7524, 99, Active, Not Active, Not Active
2026/09/22 08:40:03.587, 80, 510, 6000, 49.59, 7524, 100, Active, Not Active, Not Active
2026/09/22 08:40:05.644, 80, 510, 6000, 53.74, 7524, 99, Active, Not Active, Not Active
2026/09/22 08:40:07.706, 80, 540, 6000, 45.99, 7524, 99, Active, Not Active, Not Active
2026/09/22 08:40:09.760, 80, 510, 6000, 51.61, 7524, 98, Active, Not Active, Not Active
2026/09/22 08:40:11.819, 80, 510, 6000, 53.43, 7524, 98, Active, Not Active, Not Active
2026/09/22 08:40:13.877, 79, 510, 6000, 49.42, 7524, 100, Active, Not Active, Not Active
2026/09/22 08:40:15.946, 79, 510, 6000, 53.53, 7524, 98, Active, Not Active, Not Active
2026/09/22 08:40:18.001, 79, 510, 6000, 47.06, 7524, 94, Active, Not Active, Not Active
2026/09/22 08:40:20.078, 79, 510, 6000, 48.37, 7524, 100, Active, Not Active, Not Active
2026/09/22 08:40:22.135, 79, 510, 6000, 53.44, 7524, 99, Active, Not Active, Not Active
2026/09/22 08:40:24.195, 79, 510, 6000, 48.40, 7524, 99, Active, Not Active, Not Active
2026/09/22 08:40:26.251, 79, 510, 6000, 46.01, 7524, 100, Active, Not Active, Not Active
2026/09/22 08:40:28.309, 79, 510, 6000, 46.65, 7524, 97, Active, Not Active, Not Active
2026/09/22 08:40:30.361, 79, 510, 6000, 49.16, 7524, 100, Active, Not Active, Not Active
2026/09/22 08:40:32.417, 79, 510, 6000, 53.77, 7524, 99, Active, Not Active, Not Active
2026/09/22 08:40:34.479, 79, 510, 6000, 50.29, 7524, 100, Active, Not Active, Not Active
2026/09/22 08:40:36.544, 79, 510, 6000, 49.15, 7524, 97, Active, Not Active, Not Active
2026/09/22 08:40:38.597, 79, 510, 6000, 53.20, 7524, 99, Active, Not Active, Not Active
2026/09/22 08:40:40.658, 79, 900, 6000, 51.33, 7524, 100, Active, Not Active, Not Active
2026/09/22 08:40:42.722, 79, 840, 6000, 57.63, 7524, 99, Active, Not Active, Not Active
2026/09/22 08:40:44.782, 79, 840, 6000, 56.43, 7524, 100, Active, Not Active, Not Active
2026/09/22 08:40:46.834, 79, 840, 6000, 56.73, 7524, 100, Active, Not Active, Not Active
2026/09/22 08:40:48.893, 79, 795, 6000, 54.50, 7524, 77, Active, Not Active, Not Active
2026/09/22 08:40:50.951, 79, 705, 6000, 59.66, 7524, 98, Active, Not Active, Not Active
2026/09/22 08:40:53.006, 79, 510, 6000, 51.11, 7524, 95, Active, Not Active, Not Active
2026/09/22 08:40:55.058, 79, 510, 6000, 50.11, 7524, 100, Active, Not Active, Not Active
2026/09/22 08:40:57.108, 79, 510, 6000, 53.13, 7524, 99, Active, Not Active, Not Active
2026/09/22 08:40:59.163, 79, 510, 6000, 44.05, 7524, 100, Active, Not Active, Not Active
2026/09/22 08:41:01.219, 79, 510, 6000, 49.23, 7524, 100, Active, Not Active, Not Active
2026/09/22 08:41:03.268, 79, 510, 6000, 49.98, 7524, 98, Active, Not Active, Not Active
2026/09/22 08:41:05.328, 79, 510, 6000, 48.61, 7524, 100, Active, Not Active, Not Active
2026/09/22 08:41:07.390, 79, 915, 6000, 59.40, 7524, 98, Active, Not Active, Not Active
2026/09/22 08:41:09.447, 79, 900, 6000, 57.38, 7524, 98, Active, Not Active, Not Active
2026/09/22 08:41:11.497, 79, 840, 6000, 59.11, 7524, 74, Active, Not Active, Not Active
2026/09/22 08:41:13.551, 79, 1020, 6000, 60.03, 7524, 98, Active, Not Active, Not Active
2026/09/22 08:41:15.610, 80, 765, 6000, 61.44, 7524, 98, Active, Not Active, Not Active
2026/09/22 08:41:17.670, 79, 540, 6000, 54.48, 7524, 93, Active, Not Active, Not Active
2026/09/22 08:41:19.909, 79, 630, 6000, 53.36, 7524, 99, Active, Not Active, Not Active
2026/09/22 08:41:21.966, 79, 630, 6000, 51.86, 7524, 100, Active, Not Active, Not Active
2026/09/22 08:41:24.020, 79, 540, 6000, 54.42, 7524, 99, Active, Not Active, Not Active
2026/09/22 08:41:26.079, 79, 540, 6000, 54.74, 7524, 96, Active, Not Active, Not Active
2026/09/22 08:41:28.155, 79, 630, 6000, 53.09, 7524, 99, Active, Not Active, Not Active
2026/09/22 08:41:30.211, 79, 585, 6000, 51.93, 7524, 100, Active, Not Active, Not Active
2026/09/22 08:41:32.278, 79, 885, 6000, 49.68, 7524, 98, Active, Not Active, Not Active
2026/09/22 08:41:34.344, 79, 585, 6000, 51.58, 7524, 99, Active, Not Active, Not Active
2026/09/22 08:41:36.396, 79, 840, 6000, 47.54, 7524, 95, Active, Not Active, Not Active
2026/09/22 08:41:38.458, 79, 570, 6000, 53.06, 7524, 100, Active, Not Active, Not Active
2026/09/22 08:41:40.514, 79, 585, 6000, 52.71, 7524, 86, Active, Not Active, Not Active
2026/09/22 08:41:42.566, 79, 540, 6000, 54.22, 7524, 98, Active, Not Active, Not Active
2026/09/22 08:41:44.615, 79, 540, 6000, 55.48, 7524, 96, Active, Not Active, Not Active
2026/09/22 08:41:46.687, 79, 615, 6000, 52.28, 7524, 98, Active, Not Active, Not Active
2026/09/22 08:41:48.749, 79, 630, 6000, 52.12, 7524, 100, Active, Not Active, Not Active
2026/09/22 08:41:50.820, 79, 615, 6000, 44.62, 7524, 70, Active, Not Active, Not Active
2026/09/22 08:41:52.896, 79, 540, 6000, 53.92, 7524, 99, Active, Not Active, Not Active
2026/09/22 08:41:54.978, 79, 630, 6000, 52.52, 7524, 98, Active, Not Active, Not Active
2026/09/22 08:41:57.037, 79, 600, 6000, 52.68, 7524, 100, Active, Not Active, Not Active
2026/09/22 08:41:59.093, 79, 570, 6000, 53.21, 7524, 79, Active, Not Active, Not Active
2026/09/22 08:42:01.150, 79, 525, 6000, 54.22, 7524, 99, Active, Not Active, Not Active
2026/09/22 08:42:03.221, 79, 855, 6000, 49.22, 7524, 95, Active, Not Active, Not Active
2026/09/22 08:42:05.290, 79, 645, 6000, 51.87, 7524, 100, Active, Not Active, Not Active
2026/09/22 08:42:07.353, 79, 615, 6000, 50.84, 7524, 97, Active, Not Active, Not Active
2026/09/22 08:42:09.405, 79, 540, 6000, 54.34, 7524, 99, Active, Not Active, Not Active
2026/09/22 08:42:11.462, 79, 855, 6000, 45.93, 7524, 100, Active, Not Active, Not Active
2026/09/22 08:42:13.524, 79, 645, 6000, 52.07, 7524, 100, Active, Not Active, Not Active
2026/09/22 08:42:15.596, 79, 780, 6000, 53.63, 7524, 90, Active, Not Active, Not Active
2026/09/22 08:42:17.711, 79, 780, 6000, 61.26, 7524, 98, Active, Not Active, Not Active
2026/09/22 08:42:19.770, 79, 780, 6000, 60.40, 7524, 98, Active, Not Active, Not Active
2026/09/22 08:42:21.825, 79, 780, 6000, 61.21, 7524, 95, Active, Not Active, Not Active
2026/09/22 08:42:23.891, 79, 765, 6000, 61.07, 7524, 96, Active, Not Active, Not Active
2026/09/22 08:42:25.963, 79, 765, 6000, 61.50, 7524, 98, Active, Not Active, Not Active
2026/09/22 08:42:28.043, 79, 765, 6000, 61.29, 7524, 98, Active, Not Active, Not Active
2026/09/22 08:42:30.093, 79, 525, 6000, 53.83, 7524, 99, Active, Not Active, Not Active
2026/09/22 08:42:32.161, 79, 855, 6000, 51.70, 7524, 93, Active, Not Active, Not Active
2026/09/22 08:42:34.242, 79, 600, 6000, 51.58, 7524, 100, Active, Not Active, Not Active
2026/09/22 08:42:36.296, 79, 510, 6000, 53.49, 7524, 76, Active, Not Active, Not Active
2026/09/22 08:42:38.365, 79, 525, 6000, 54.02, 7524, 99, Active, Not Active, Not Active
2026/09/22 08:42:40.422, 79, 840, 6000, 51.84, 7524, 98, Active, Not Active, Not Active
2026/09/22 08:42:42.481, 79, 615, 6000, 51.68, 7524, 100, Active, Not Active, Not Active
2026/09/22 08:42:44.565, 79, 600, 6000, 50.15, 7524, 97, Active, Not Active, Not Active
2026/09/22 08:42:46.638, 79, 525, 6000, 54.03, 7524, 98, Active, Not Active, Not Active
2026/09/22 08:42:48.693, 79, 615, 6000, 47.79, 7524, 99, Active, Not Active, Not Active
2026/09/22 08:42:50.749, 79, 630, 6000, 51.56, 7524, 100, Active, Not Active, Not Active
2026/09/22 08:42:52.798, 78, 1140, 6000, 54.11, 7524, 99, Active, Not Active, Not Active
2026/09/22 08:42:54.858, 79, 540, 6000, 53.97, 7524, 95, Active, Not Active, Not Active
2026/09/22 08:42:56.911, 79, 630, 6000, 54.30, 7524, 100, Active, Not Active, Not Active
2026/09/22 08:42:58.968, 79, 615, 6000, 50.44, 7524, 98, Active, Not Active, Not Active
2026/09/22 08:43:01.022, 79, 540, 6000, 54.44, 7524, 98, Active, Not Active, Not Active
2026/09/22 08:43:03.086, 78, 630, 6000, 51.52, 7524, 100, Active, Not Active, Not Active
2026/09/22 08:43:05.139, 79, 525, 6000, 53.61, 7524, 99, Active, Not Active, Not Active
2026/09/22 08:43:07.210, 79, 780, 6000, 54.70, 7524, 91, Active, Not Active, Not Active
2026/09/22 08:43:09.300, 79, 870, 6000, 58.02, 7524, 100, Active, Not Active, Not Active
2026/09/22 08:43:11.365, 79, 870, 6000, 59.01, 7524, 98, Active, Not Active, Not Active
2026/09/22 08:43:13.420, 79, 870, 6000, 59.14, 7524, 99, Active, Not Active, Not Active
2026/09/22 08:43:15.477, 79, 870, 6000, 57.65, 7524, 100, Active, Not Active, Not Active
2026/09/22 08:43:17.528, 79, 870, 6000, 57.65, 7524, 100, Active, Not Active, Not Active
2026/09/22 08:43:19.597, 79, 855, 6000, 57.38, 7524, 100, Active, Not Active, Not Active
2026/09/22 08:43:21.649, 79, 840, 6000, 58.24, 7524, 100, Active, Not Active, Not Active
2026/09/22 08:43:23.733, 79, 840, 6000, 58.10, 7524, 100, Active, Not Active, Not Active
2026/09/22 08:43:25.788, 79, 570, 6000, 51.46, 7524, 100, Active, Not Active, Not Active
2026/09/22 08:43:27.845, 79, 690, 6000, 53.84, 7524, 99, Active, Not Active, Not Active
2026/09/22 08:43:29.918, 79, 525, 6000, 55.65, 7524, 96, Active, Not Active, Not Active
2026/09/22 08:43:31.981, 79, 630, 6000, 52.26, 7524, 100, Active, Not Active, Not Active
2026/09/22 08:43:34.032, 79, 855, 6000, 49.99, 7524, 99, Active, Not Active, Not Active
2026/09/22 08:43:36.089, 79, 525, 6000, 55.20, 7524, 95, Active, Not Active, Not Active
2026/09/22 08:43:38.143, 79, 615, 6000, 51.59, 7524, 100, Active, Not Active, Not Active
2026/09/22 08:43:40.204, 79, 570, 6000, 49.38, 7524, 95, Active, Not Active, Not Active
2026/09/22 08:43:42.264, 79, 525, 6000, 53.61, 7524, 98, Active, Not Active, Not Active
2026/09/22 08:43:44.324, 79, 615, 6000, 52.77, 7524, 100, Active, Not Active, Not Active
2026/09/22 08:43:46.380, 79, 630, 6000, 51.68, 7524, 100, Active, Not Active, Not Active
2026/09/22 08:43:48.437, 79, 525, 6000, 53.74, 7524, 98, Active, Not Active, Not Active
2026/09/22 08:43:50.492, 79, 540, 6000, 54.04, 7524, 97, Active, Not Active, Not Active
2026/09/22 08:43:52.552, 79, 630, 6000, 51.72, 7524, 100, Active, Not Active, Not Active
2026/09/22 08:43:54.606, 79, 600, 6000, 50.93, 7524, 98, Active, Not Active, Not Active
2026/09/22 08:43:56.658, 79, 540, 6000, 54.09, 7524, 99, Active, Not Active, Not Active
2026/09/22 08:43:58.720, 79, 540, 6000, 54.65, 7524, 97, Active, Not Active, Not Active
2026/09/22 08:44:00.774, 79, 615, 6000, 52.76, 7524, 100, Active, Not Active, Not Active
2026/09/22 08:44:02.841, 79, 885, 6000, 59.27, 7524, 100, Active, Not Active, Not Active
2026/09/22 08:44:04.898, 79, 885, 6000, 57.45, 7524, 100, Active, Not Active, Not Active
2026/09/22 08:44:06.947, 79, 870, 6000, 57.49, 7524, 100, Active, Not Active, Not Active
2026/09/22 08:44:09.000, 79, 840, 6000, 58.21, 7524, 100, Active, Not Active, Not Active
2026/09/22 08:44:11.069, 79, 825, 6000, 57.44, 7524, 97, Active, Not Active, Not Active
2026/09/22 08:44:13.136, 79, 840, 6000, 55.79, 7524, 98, Active, Not Active, Not Active
2026/09/22 08:44:15.203, 79, 540, 6000, 54.44, 7524, 98, Active, Not Active, Not Active
2026/09/22 08:44:17.267, 79, 660, 6000, 58.80, 7524, 94, Active, Not Active, Not Active
2026/09/22 08:44:19.325, 79, 630, 6000, 51.94, 7524, 100, Active, Not Active, Not Active
2026/09/22 08:44:21.379, 79, 540, 6000, 54.30, 7524, 99, Active, Not Active, Not Active
2026/09/22 08:44:23.430, 79, 570, 6000, 51.55, 7524, 94, Active, Not Active, Not Active
2026/09/22 08:44:25.493, 79, 630, 6000, 51.88, 7524, 100, Active, Not Active, Not Active
2026/09/22 08:44:27.579, 79, 600, 6000, 51.91, 7524, 100, Active, Not Active, Not Active
2026/09/22 08:44:29.628, 79, 540, 6000, 54.15, 7524, 98, Active, Not Active, Not Active
2026/09/22 08:44:31.688, 79, 855, 6000, 48.04, 7524, 100, Active, Not Active, Not Active
2026/09/22 08:44:33.747, 79, 630, 6000, 52.18, 7524, 100, Active, Not Active, Not Active
2026/09/22 08:44:35.814, 79, 630, 6000, 51.29, 7524, 97, Active, Not Active, Not Active
2026/09/22 08:44:37.873, 79, 540, 6000, 54.54, 7524, 99, Active, Not Active, Not Active
2026/09/22 08:44:39.932, 79, 855, 6000, 50.38, 7524, 94, Active, Not Active, Not Active
2026/09/22 08:44:41.991, 79, 645, 6000, 52.11, 7524, 100, Active, Not Active, Not Active
2026/09/22 08:44:44.078, 79, 855, 6000, 53.14, 7524, 99, Active, Not Active, Not Active
2026/09/22 08:44:46.130, 79, 555, 6000, 54.02, 7524, 98, Active, Not Active, Not Active
2026/09/22 08:44:48.182, 79, 645, 6000, 52.19, 7524, 100, Active, Not Active, Not Active
2026/09/22 08:44:50.243, 79, 750, 6000, 53.53, 7524, 76, Active, Not Active, Not Active
2026/09/22 08:44:52.295, 79, 765, 6000, 55.64, 7524, 76, Active, Not Active, Not Active
2026/09/22 08:44:54.360, 79, 975, 6000, 57.94, 7524, 81, Active, Not Active, Not Active
2026/09/22 08:44:56.417, 79, 1350, 6000, 56.69, 7524, 98, Active, Not Active, Not Active
2026/09/22 08:44:58.470, 79, 765, 6000, 61.43, 7524, 98, Active, Not Active, Not Active
2026/09/22 08:45:00.521, 79, 780, 6000, 61.56, 7524, 98, Active, Not Active, Not Active
2026/09/22 08:45:02.576, 79, 780, 6000, 61.56, 7524, 95, Active, Not Active, Not Active
2026/09/22 08:45:04.637, 80, 810, 6000, 58.20, 7524, 94, Active, Not Active, Not Active
2026/09/22 08:45:06.696, 79, 600, 6000, 51.72, 7524, 99, Active, Not Active, Not Active
2026/09/22 08:45:08.762, 79, 600, 6000, 49.57, 7524, 98, Active, Not Active, Not Active
2026/09/22 08:45:10.817, 79, 525, 6000, 53.96, 7524, 99, Active, Not Active, Not Active
2026/09/22 08:45:12.871, 79, 855, 6000, 52.67, 7524, 99, Active, Not Active, Not Active
2026/09/22 08:45:14.928, 79, 570, 6000, 51.29, 7524, 100, Active, Not Active, Not Active
2026/09/22 08:45:16.980, 79, 525, 6000, 50.99, 7524, 79, Active, Not Active, Not Active
2026/09/22 08:45:19.033, 79, 525, 6000, 53.42, 7524, 99, Active, Not Active, Not Active
2026/09/22 08:45:21.087, 79, 615, 6000, 52.74, 7524, 99, Active, Not Active, Not Active
2026/09/22 08:45:23.145, 79, 630, 6000, 51.58, 7524, 100, Active, Not Active, Not Active
2026/09/22 08:45:25.201, 79, 600, 6000, 51.03, 7524, 98, Active, Not Active, Not Active
2026/09/22 08:45:27.262, 79, 810, 6000, 56.38, 7524, 67, Active, Not Active, Not Active
2026/09/22 08:45:29.312, 79, 765, 6000, 56.57, 7524, 67, Active, Not Active, Not Active
2026/09/22 08:45:31.369, 79, 1125, 6000, 60.66, 7524, 98, Active, Not Active, Not Active
2026/09/22 08:45:33.429, 79, 930, 6000, 60.80, 7524, 99, Active, Not Active, Not Active
2026/09/22 08:45:35.478, 79, 750, 6000, 60.70, 7524, 99, Active, Not Active, Not Active
2026/09/22 08:45:37.528, 79, 765, 6000, 58.74, 7524, 98, Active, Not Active, Not Active
2026/09/22 08:45:39.590, 79, 750, 6000, 61.62, 7524, 96, Active, Not Active, Not Active
2026/09/22 08:45:41.645, 79, 750, 6000, 62.35, 7524, 93, Active, Not Active, Not Active
2026/09/22 08:45:43.714, 79, 750, 6000, 60.61, 7524, 99, Active, Not Active, Not Active
2026/09/22 08:45:45.776, 79, 510, 6000, 53.31, 7524, 98, Active, Not Active, Not Active
2026/09/22 08:45:47.828, 79, 555, 6000, 50.95, 7524, 99, Active, Not Active, Not Active
2026/09/22 08:45:49.884, 79, 525, 6000, 50.33, 7524, 100, Active, Not Active, Not Active
2026/09/22 08:45:51.946, 79, 510, 6000, 53.20, 7524, 99, Active, Not Active, Not Active
2026/09/22 08:45:54.005, 79, 510, 6000, 53.90, 7524, 94, Active, Not Active, Not Active
2026/09/22 08:45:56.062, 79, 555, 6000, 50.83, 7524, 100, Active, Not Active, Not Active
2026/09/22 08:45:58.125, 79, 795, 6000, 59.78, 7524, 100, Active, Not Active, Not Active
2026/09/22 08:46:00.180, 79, 795, 6000, 56.85, 7524, 98, Active, Not Active, Not Active
2026/09/22 08:46:02.231, 79, 780, 6000, 56.42, 7524, 98, Active, Not Active, Not Active
2026/09/22 08:46:04.342, 79, 720, 6000, 59.84, 7524, 98, Active, Not Active, Not Active
2026/09/22 08:46:06.391, 79, 720, 6000, 59.89, 7524, 98, Active, Not Active, Not Active
2026/09/22 08:46:08.454, 79, 735, 6000, 59.78, 7524, 94, Active, Not Active, Not Active
2026/09/22 08:46:10.511, 79, 720, 6000, 60.82, 7524, 96, Active, Not Active, Not Active
2026/09/22 08:46:12.565, 79, 975, 6000, 55.91, 7524, 99, Active, Not Active, Not Active
2026/09/22 08:46:14.627, 79, 855, 6000, 57.33, 7524, 100, Active, Not Active, Not Active
2026/09/22 08:46:16.679, 79, 855, 6000, 56.77, 7524, 100, Active, Not Active, Not Active
2026/09/22 08:46:18.747, 79, 855, 6000, 55.30, 7524, 98, Active, Not Active, Not Active
2026/09/22 08:46:20.805, 79, 510, 6000, 43.71, 7524, 99, Active, Not Active, Not Active
2026/09/22 08:46:22.856, 79, 555, 6000, 51.42, 7524, 99, Active, Not Active, Not Active
2026/09/22 08:46:24.924, 79, 510, 6000, 51.83, 7524, 100, Active, Not Active, Not Active
2026/09/22 08:46:27.117, 79, 510, 6000, 53.31, 7524, 99, Active, Not Active, Not Active
2026/09/22 08:46:29.194, 79, 570, 6000, 53.73, 7524, 94, Active, Not Active, Not Active
2026/09/22 08:46:31.257, 79, 540, 6000, 50.86, 7524, 100, Active, Not Active, Not Active
2026/09/22 08:46:33.316, 79, 885, 6000, 56.86, 7524, 42, Active, Not Active, Not Active
2026/09/22 08:46:35.370, 79, 615, 6000, 56.87, 7524, 98, Active, Not Active, Not Active
